-- MySQL dump 10.13  Distrib 5.5.50, for debian-linux-gnu (x86_64)
--
-- Host: localhost    Database: recommend
-- ------------------------------------------------------
-- Server version	5.5.50-0ubuntu0.14.04.1

/*!40101 SET @OLD_CHARACTER_SET_CLIENT=@@CHARACTER_SET_CLIENT */;
/*!40101 SET @OLD_CHARACTER_SET_RESULTS=@@CHARACTER_SET_RESULTS */;
/*!40101 SET @OLD_COLLATION_CONNECTION=@@COLLATION_CONNECTION */;
/*!40101 SET NAMES utf8 */;
/*!40103 SET @OLD_TIME_ZONE=@@TIME_ZONE */;
/*!40103 SET TIME_ZONE='+00:00' */;
/*!40014 SET @OLD_UNIQUE_CHECKS=@@UNIQUE_CHECKS, UNIQUE_CHECKS=0 */;
/*!40014 SET @OLD_FOREIGN_KEY_CHECKS=@@FOREIGN_KEY_CHECKS, FOREIGN_KEY_CHECKS=0 */;
/*!40101 SET @OLD_SQL_MODE=@@SQL_MODE, SQL_MODE='NO_AUTO_VALUE_ON_ZERO' */;
/*!40111 SET @OLD_SQL_NOTES=@@SQL_NOTES, SQL_NOTES=0 */;

--
-- Table structure for table `anime`
--

DROP TABLE IF EXISTS `anime`;
/*!40101 SET @saved_cs_client     = @@character_set_client */;
/*!40101 SET character_set_client = utf8 */;
CREATE TABLE `anime` (
  `id` int(11) NOT NULL DEFAULT '0',
  `name` varchar(20) DEFAULT NULL,
  `brief` varchar(100) DEFAULT NULL,
  PRIMARY KEY (`id`)
) ENGINE=InnoDB DEFAULT CHARSET=latin1;
/*!40101 SET character_set_client = @saved_cs_client */;

--
-- Dumping data for table `anime`
--

LOCK TABLES `anime` WRITE;
/*!40000 ALTER TABLE `anime` DISABLE KEYS */;
INSERT INTO `anime` VALUES (279,'a','A'),(782,'e','E'),(2730,'g','G'),(3377,'c','C'),(3421,'f','F'),(3452,'d','D'),(3494,'b','B');
/*!40000 ALTER TABLE `anime` ENABLE KEYS */;
UNLOCK TABLES;

--
-- Table structure for table `anime_style`
--

DROP TABLE IF EXISTS `anime_style`;
/*!40101 SET @saved_cs_client     = @@character_set_client */;
/*!40101 SET character_set_client = utf8 */;
CREATE TABLE `anime_style` (
  `anime_id` int(11) DEFAULT NULL,
  `style_id` int(11) DEFAULT NULL,
  KEY `anime_id` (`anime_id`),
  CONSTRAINT `anime_style_ibfk_1` FOREIGN KEY (`anime_id`) REFERENCES `anime` (`id`)
) ENGINE=InnoDB DEFAULT CHARSET=latin1;
/*!40101 SET character_set_client = @saved_cs_client */;

--
-- Dumping data for table `anime_style`
--

LOCK TABLES `anime_style` WRITE;
/*!40000 ALTER TABLE `anime_style` DISABLE KEYS */;
INSERT INTO `anime_style` VALUES (279,26),(279,30),(279,32),(279,8),(279,7),(3494,9),(3494,19),(3494,29),(3494,46),(3377,34),(3377,7),(3377,18),(3452,30),(3452,32),(3452,7),(3452,22),(782,30),(782,32),(782,7),(782,1),(782,50),(3421,30),(3421,32),(3421,7),(3421,22),(2730,11),(2730,30),(2730,22);
/*!40000 ALTER TABLE `anime_style` ENABLE KEYS */;
UNLOCK TABLES;

--
-- Table structure for table `user`
--

DROP TABLE IF EXISTS `user`;
/*!40101 SET @saved_cs_client     = @@character_set_client */;
/*!40101 SET character_set_client = utf8 */;
CREATE TABLE `user` (
  `id` int(11) NOT NULL DEFAULT '0',
  `name` varchar(20) DEFAULT NULL,
  PRIMARY KEY (`id`)
) ENGINE=InnoDB DEFAULT CHARSET=latin1;
/*!40101 SET character_set_client = @saved_cs_client */;

--
-- Dumping data for table `user`
--

LOCK TABLES `user` WRITE;
/*!40000 ALTER TABLE `user` DISABLE KEYS */;
INSERT INTO `user` VALUES (1,'Tom');
/*!40000 ALTER TABLE `user` ENABLE KEYS */;
UNLOCK TABLES;

--
-- Table structure for table `user_admin`
--

DROP TABLE IF EXISTS `user_admin`;
/*!40101 SET @saved_cs_client     = @@character_set_client */;
/*!40101 SET character_set_client = utf8 */;
CREATE TABLE `user_admin` (
  `user` int(11) DEFAULT NULL,
  `anime` int(11) DEFAULT NULL
) ENGINE=InnoDB DEFAULT CHARSET=latin1;
/*!40101 SET character_set_client = @saved_cs_client */;

--
-- Dumping data for table `user_admin`
--

LOCK TABLES `user_admin` WRITE;
/*!40000 ALTER TABLE `user_admin` DISABLE KEYS */;
/*!40000 ALTER TABLE `user_admin` ENABLE KEYS */;
UNLOCK TABLES;

--
-- Table structure for table `user_anime`
--

DROP TABLE IF EXISTS `user_anime`;
/*!40101 SET @saved_cs_client     = @@character_set_client */;
/*!40101 SET character_set_client = utf8 */;
CREATE TABLE `user_anime` (
  `user_id` int(11) DEFAULT NULL,
  `anime_id` int(11) DEFAULT NULL,
  KEY `user_id` (`user_id`),
  KEY `anime_id` (`anime_id`),
  CONSTRAINT `user_anime_ibfk_1` FOREIGN KEY (`user_id`) REFERENCES `user` (`id`),
  CONSTRAINT `user_anime_ibfk_2` FOREIGN KEY (`anime_id`) REFERENCES `anime` (`id`)
) ENGINE=InnoDB DEFAULT CHARSET=latin1;
/*!40101 SET character_set_client = @saved_cs_client */;

--
-- Dumping data for table `user_anime`
--

LOCK TABLES `user_anime` WRITE;
/*!40000 ALTER TABLE `user_anime` DISABLE KEYS */;
INSERT INTO `user_anime` VALUES (1,782),(1,3421),(1,2730);
/*!40000 ALTER TABLE `user_anime` ENABLE KEYS */;
UNLOCK TABLES;
/*!40103 SET TIME_ZONE=@OLD_TIME_ZONE */;

/*!40101 SET SQL_MODE=@OLD_SQL_MODE */;
/*!40014 SET FOREIGN_KEY_CHECKS=@OLD_FOREIGN_KEY_CHECKS */;
/*!40014 SET UNIQUE_CHECKS=@OLD_UNIQUE_CHECKS */;
/*!40101 SET CHARACTER_SET_CLIENT=@OLD_CHARACTER_SET_CLIENT */;
/*!40101 SET CHARACTER_SET_RESULTS=@OLD_CHARACTER_SET_RESULTS */;
/*!40101 SET COLLATION_CONNECTION=@OLD_COLLATION_CONNECTION */;
/*!40111 SET SQL_NOTES=@OLD_SQL_NOTES */;

-- Dump completed on 2016-10-25 11:58:54
